timestamp,temperature_C
1630.0,26.625
4138.0,26.687
6646.0,26.75
9154.0,26.75
11662.0,26.75
14170.0,26.75
16678.0,26.75
19186.0,26.687
21694.0,26.75
24202.0,26.75
26710.0,26.812
29218.0,26.75
31726.0,26.812
34233.0,26.812
36741.0,26.75
39249.0,26.812
41756.0,26.75
44263.0,26.812
46770.0,26.75
49277.0,26.75
51784.0,26.812
54291.0,26.75
56798.0,26.812
59305.0,26.812
61812.0,26.75
64320.0,26.75
66828.0,26.75
69335.0,26.75
71842.0,26.562
74349.0,26.25
76856.0,26.062
79363.0,25.562
81870.0,25.0
84377.0,24.625
86886.0,24.375
89394.0,24.125
91901.0,24.125
94408.0,24.937
96915.0,25.437
99422.0,25.75
101929.0,25.937
104436.0,26.125
106943.0,26.25
109450.0,26.312
111957.0,26.375
114464.0,26.437
116971.0,26.5
119479.0,26.5
121987.0,26.5
124495.0,26.562
127003.0,26.562
129511.0,26.562
132019.0,26.562
134526.0,26.562
137033.0,26.625
139540.0,26.687
142047.0,26.625
144554.0,26.625
147061.0,26.625
149568.0,26.625
152075.0,26.687
154582.0,26.625
157089.0,26.625
159596.0,26.625
162103.0,26.625
164610.0,26.687
167117.0,26.625
169624.0,26.687
172131.0,26.687
174638.0,26.687
177145.0,26.687
179652.0,26.625
182159.0,26.625
184666.0,26.625
187174.0,26.687
189682.0,26.75
192189.0,26.687
194697.0,26.687
197205.0,26.625
199713.0,26.625
202220.0,26.687
204727.0,26.687
207235.0,26.687
209742.0,26.75
212249.0,26.687
214756.0,26.687
217263.0,26.687
219770.0,26.687
222277.0,26.687
224785.0,26.687
227293.0,26.625
229801.0,26.687
232308.0,26.625
234816.0,26.687
237324.0,26.687
239832.0,26.687
242340.0,26.687
244848.0,26.625
247356.0,26.625
249863.0,26.625
252370.0,26.625
254877.0,26.625
257384.0,26.625
259891.0,26.625
262398.0,26.687
264905.0,26.625
267412.0,26.625
269919.0,26.625
272426.0,26.562
274933.0,26.625
277440.0,26.625
279947.0,26.625
282454.0,26.625
284961.0,26.625
287468.0,26.562
289975.0,26.562
292482.0,26.562
294989.0,26.625
297496.0,26.625
300003.0,26.625
302510.0,26.562
305017.0,26.625
307524.0,26.562
310032.0,26.625
312539.0,26.625
315046.0,26.625
317553.0,26.625
320060.0,26.562
322567.0,26.562
325075.0,26.625
327582.0,26.625
330089.0,26.562
332597.0,26.625
335105.0,26.625
337612.0,26.625
340120.0,26.562
342628.0,26.562
345136.0,26.562
347644.0,26.562
350152.0,26.562
352660.0,26.625
355168.0,26.562
357676.0,26.562
360184.0,26.562
362692.0,26.562
365200.0,26.562
367708.0,26.562
370216.0,26.562
372724.0,26.625
375231.0,26.562
377738.0,26.562
380245.0,26.562
382752.0,26.5
385259.0,26.5
387766.0,26.562
390273.0,26.562
392780.0,26.562
395287.0,26.562
397795.0,26.562
400303.0,26.5
402811.0,26.5
405319.0,26.5
407827.0,26.5
410335.0,26.5
412843.0,26.5
415351.0,26.5
417859.0,26.5
420367.0,26.5
422875.0,26.562
425383.0,26.5
427890.0,26.5
430397.0,26.5
432905.0,26.5
435413.0,26.5
437921.0,26.562
440429.0,26.5
442937.0,26.562
445445.0,26.5
447953.0,26.5
450461.0,26.5
452969.0,26.5
455477.0,26.5
457985.0,26.5
460493.0,26.5
463000.0,26.437
465508.0,26.5
468015.0,26.5
470523.0,26.5
473031.0,26.5
475539.0,26.562
478047.0,26.5
480555.0,26.437
483062.0,26.5
485569.0,26.5
488076.0,26.5
490583.0,26.437
493090.0,26.437
495597.0,26.437
498104.0,26.5
500611.0,26.437
503118.0,26.5
505625.0,26.5
508133.0,26.5
510641.0,26.5
513148.0,26.5
515656.0,26.437
518164.0,26.5
520672.0,26.5
523180.0,26.437
525687.0,26.5
528194.0,26.437
530701.0,26.5
533208.0,26.5
535715.0,26.437
538222.0,26.437
540729.0,26.437
543236.0,26.437
545743.0,26.437
548250.0,26.437
550758.0,26.437
553266.0,26.437
555774.0,26.437
558281.0,26.5
560788.0,26.437
563295.0,26.5
565802.0,26.437
568309.0,26.437
570816.0,26.437
573323.0,26.437
575831.0,26.375
578339.0,26.437
580846.0,26.437
583353.0,26.437
585860.0,26.437
588367.0,26.437
590874.0,26.437
593381.0,26.375
595888.0,26.437
598395.0,26.437
600902.0,26.375
603409.0,26.437
605917.0,26.437
608424.0,26.437
610931.0,26.375
613439.0,26.437
615946.0,26.437
618453.0,26.375
620961.0,26.375
623468.0,26.375
625976.0,26.375
628484.0,26.437
630992.0,26.437
633500.0,26.375
636008.0,26.437
638515.0,26.375
641023.0,26.437
643531.0,26.375
646039.0,26.375
648547.0,26.375
651055.0,26.375
653563.0,26.375
656071.0,26.375
658579.0,26.375
661087.0,26.375
663595.0,26.375
666103.0,26.375
668611.0,26.375
671119.0,26.375
673627.0,26.375
676134.0,26.437
678641.0,26.375
681148.0,26.375
683655.0,26.375
686162.0,26.375
688669.0,26.375
691176.0,26.375
693684.0,26.312
696192.0,26.375
698700.0,26.437
701208.0,26.375
703716.0,26.437
706224.0,26.375
708732.0,26.375
711240.0,26.375
713748.0,26.375
716255.0,26.375
718762.0,26.312
721270.0,26.312
723778.0,26.375
726286.0,26.375
728794.0,26.375
731302.0,26.375
733810.0,26.375
736318.0,26.312
738826.0,26.312
741334.0,26.375
743842.0,26.375
746350.0,26.312
748858.0,26.375
751365.0,26.375
753872.0,26.312
756379.0,26.375
758886.0,26.375
761393.0,26.375
763900.0,26.437
766407.0,26.375
768914.0,26.375
771421.0,26.375
773928.0,26.375
776435.0,26.375
778942.0,26.375
781449.0,26.375
783956.0,26.375
786463.0,26.375
788970.0,26.375
791477.0,26.375
793985.0,26.375
796492.0,26.375
799000.0,26.312
801508.0,26.312
804016.0,26.375
806524.0,26.312
809032.0,26.312
811539.0,26.312
814046.0,26.312
816553.0,26.312
819060.0,26.312
821567.0,26.312
824074.0,26.375
826581.0,26.312
829088.0,26.312
831595.0,26.312
834102.0,26.312
836609.0,26.312
839116.0,26.312
841623.0,26.312
844130.0,26.312
846637.0,26.312
849144.0,26.375
851651.0,26.312
854158.0,26.312
856665.0,26.312
859173.0,26.312
861680.0,26.312
864187.0,26.312
866694.0,26.312
869201.0,26.312
871708.0,26.312
874215.0,26.312
876722.0,26.312
879229.0,26.312
881737.0,26.312
884245.0,26.312
886753.0,26.312
889261.0,26.312
891769.0,26.312
894276.0,26.312
896783.0,26.25
899290.0,26.25
901797.0,26.312
904304.0,26.312
906811.0,26.312
909318.0,26.312
911825.0,26.312
914332.0,26.312
916839.0,26.312
919347.0,26.312
921855.0,26.312
924363.0,26.312
926870.0,26.312
929377.0,26.312
931884.0,26.312
934391.0,26.312
936899.0,26.25
939407.0,26.312
941915.0,26.312
944423.0,26.312
946930.0,26.312
949438.0,26.312
951946.0,26.312
954454.0,26.312
956962.0,26.25
959470.0,26.312
961978.0,26.312
964486.0,26.25
966994.0,26.25
969501.0,26.25
972008.0,26.25
974515.0,26.25
977022.0,26.312
979529.0,26.25
982036.0,26.25
984544.0,26.25
987051.0,26.25
989558.0,26.25
992065.0,26.25
994572.0,26.25
997080.0,26.25
999588.0,26.25
1002096.0,26.25
1004604.0,26.187
1007112.0,26.25
1009619.0,26.25
1012126.0,26.25
1014633.0,26.187
1017140.0,26.25
1019647.0,26.25
1022154.0,26.25
1024661.0,26.25
1027168.0,26.25
1029676.0,26.25
1032184.0,26.25
1034692.0,26.25
1037200.0,26.187
1039707.0,26.25
1042214.0,26.187
1044721.0,26.25
1047228.0,26.25
1049735.0,26.25
1052242.0,26.187
1054749.0,26.187
1057256.0,26.187
1059763.0,26.187
1062270.0,25.937
1064777.0,25.687
1067284.0,28.687
1069791.0,31.125
1072298.0,32.688
1074805.0,33.875
1077312.0,34.75
1079821.0,35.438
1082329.0,36.063
1084837.0,36.563
1087345.0,36.938
1089853.0,37.25
1092361.0,37.563
1094869.0,37.813
1097377.0,38.0
1099885.0,38.188
1102393.0,38.313
1104901.0,38.375
1107409.0,38.5
1109917.0,38.563
1112425.0,38.688
1114933.0,38.688
1117441.0,38.75
1119949.0,38.813
1122457.0,38.813
1124965.0,38.875
1127473.0,38.813
1129981.0,38.875
1132489.0,38.875
1134997.0,38.938
1137505.0,38.875
1140013.0,38.875
1142521.0,38.875
1145029.0,38.875
1147537.0,38.875
1150045.0,38.875
1152553.0,38.875
1155061.0,38.875
1157569.0,38.813
1160077.0,38.813
1162585.0,38.813
1165093.0,38.813
1167601.0,38.813
1170109.0,38.813
1172617.0,38.75
1175125.0,38.813
1177633.0,38.688
1180141.0,38.75
1182649.0,38.688
1185157.0,38.688
1187665.0,38.625
1190173.0,38.625
1192681.0,38.625
1195189.0,38.625
1197697.0,38.625
1200205.0,38.625
1202713.0,38.563
1205221.0,38.5
1207729.0,38.5
1210237.0,38.5
1212745.0,38.5
1215253.0,38.438
1217761.0,38.438
1220269.0,38.438
1222777.0,38.375
1225285.0,38.375
1227793.0,38.375
1230301.0,38.375
1232809.0,38.375
1235317.0,38.313
1237825.0,38.313
1240333.0,38.313
1242841.0,38.313
1245349.0,38.25
1247857.0,38.25
1250365.0,38.25
1252873.0,38.25
1255381.0,38.188
1257889.0,38.188
1260397.0,38.188
1262905.0,38.125
1265413.0,38.125
1267921.0,38.125
1270429.0,38.125
1272937.0,38.063
1275445.0,38.063
1277953.0,38.063
1280461.0,38.0
1282969.0,38.0
1285477.0,38.0
1287985.0,38.0
1290493.0,37.938
1293001.0,37.938
1295509.0,37.938
1298017.0,37.875
1300525.0,37.875
1303033.0,37.875
1305541.0,37.938
1308049.0,37.875
1310557.0,37.813
1313065.0,37.875
1315573.0,37.813
1318081.0,37.75
1320589.0,37.75
1323097.0,37.75
1325605.0,37.688
1328113.0,37.688
1330621.0,37.625
1333129.0,37.688
1335637.0,37.625
1338145.0,37.688
1340653.0,37.625
1343161.0,37.563
1345669.0,37.563
1348177.0,37.563
1350685.0,37.563
1353193.0,37.5
1355701.0,37.563
1358209.0,37.5
1360717.0,37.438
1363225.0,37.5
1365733.0,37.438
1368241.0,37.438
1370749.0,37.375
1373257.0,37.375
1375765.0,37.375
1378273.0,37.313
1380781.0,37.313
1383289.0,37.313
1385797.0,37.25
1388305.0,37.313
1390813.0,37.313
1393321.0,37.25
1395829.0,37.25
1398337.0,37.25
1400845.0,37.188
1403353.0,37.25
1405861.0,37.25
1408369.0,37.188
1410877.0,37.188
1413385.0,37.188
1415893.0,37.125
1418401.0,37.125
1420909.0,37.063
1423417.0,37.125
1425925.0,37.063
1428433.0,37.0
1430941.0,37.063
1433449.0,37.0
1435957.0,37.0
1438465.0,36.938
1440973.0,36.938
1443481.0,36.938
1445989.0,36.875
1448497.0,36.938
1451005.0,36.875
1453513.0,36.875
1456021.0,36.875
1458529.0,36.813
1461037.0,36.813
1463545.0,36.75
1466053.0,36.813
1468561.0,36.75
1471069.0,36.75
1473577.0,36.75
1476085.0,36.75
1478593.0,36.688
1481101.0,36.688
1483609.0,36.688
1486117.0,36.688
1488625.0,36.688
1491133.0,36.625
1493641.0,36.625
1496149.0,36.625
1498657.0,36.625
1501165.0,36.563
1503673.0,36.563
1506181.0,36.563
1508689.0,36.563
1511197.0,36.5
1513705.0,36.5
1516213.0,36.438
1518721.0,36.438
1521229.0,36.438
1523737.0,36.438
1526245.0,36.375
1528753.0,36.375
1531261.0,36.375
1533769.0,36.375
1536277.0,36.313
1538785.0,36.313
1541293.0,36.313
1543801.0,36.25
1546309.0,36.25
1548817.0,36.25
1551325.0,36.25
1553833.0,36.188
1556341.0,36.125
1558849.0,36.188
1561357.0,36.188
1563865.0,36.125
1566373.0,36.125
1568881.0,36.125
1571389.0,36.125
1573896.0,36.125
1576405.0,36.063
1578913.0,36.063
1581421.0,36.063
1583929.0,36.0
1586437.0,36.0
1588945.0,36.0
1591453.0,35.938
1593961.0,35.938
1596469.0,35.938
1598977.0,35.938
1601485.0,35.938
1603992.0,35.938
1606500.0,35.938
1609009.0,35.875
1611517.0,35.875
1614025.0,35.813
1616532.0,35.875
1619040.0,35.813
1621549.0,35.813
1624057.0,35.813
1626565.0,35.813
1629072.0,35.75
1631581.0,35.75
1634089.0,35.688
1636597.0,35.688
1639105.0,35.688
1641613.0,35.625
1644121.0,35.688
1646628.0,35.688
1649137.0,35.625
1651645.0,35.625
1654153.0,35.625
1656660.0,35.625
1659169.0,35.563
1661677.0,35.563
1664185.0,35.563
1666693.0,35.5
1669201.0,35.5
1671708.0,35.563
1674217.0,35.5
1676725.0,35.5
1679233.0,35.438
1681741.0,35.438
1684249.0,35.375
1686757.0,35.438
1689265.0,35.438
1691772.0,35.438
1694280.0,35.375
1696789.0,35.438
1699297.0,35.375
1701805.0,35.313
1704313.0,35.313
1706821.0,35.313
1709329.0,35.375
1711837.0,35.313
1714345.0,35.313
1716853.0,35.313
1719361.0,35.25
1721868.0,35.25
1724376.0,35.25
1726885.0,35.25
1729393.0,35.188
1731900.0,35.25
1734409.0,35.188
1736916.0,35.188
1739424.0,35.188
1741932.0,35.125
1744440.0,35.125
1746948.0,35.188
1749457.0,35.125
1751964.0,35.063
1754473.0,35.063
1756980.0,35.063
1759489.0,35.063
1761997.0,35.063
1764504.0,35.063
1767013.0,35.0
1769520.0,35.0
1772028.0,35.0
1774537.0,35.0
1777045.0,34.938
1779553.0,35.0
1782061.0,34.938
1784569.0,34.875
1787077.0,34.875
1789584.0,34.875
1792092.0,34.875
1794600.0,34.875
1797109.0,34.813
1799617.0,34.813
1802125.0,34.75
1804633.0,34.813
1807141.0,34.813
1809649.0,34.75
1812157.0,34.75
1814665.0,34.75
1817173.0,34.75
1819681.0,34.75
1822188.0,34.688
1824696.0,34.75
1827204.0,34.688
1829712.0,34.688
1832220.0,34.688
1834728.0,34.688
1837236.0,34.688
1839744.0,34.688
1842252.0,34.688
1844760.0,34.688
1847268.0,34.688
1849776.0,34.625
1852284.0,34.625
1854792.0,34.625
1857300.0,34.563
1859808.0,34.5
1862316.0,34.563
1864824.0,34.5
1867332.0,34.5
1869840.0,34.5
1872348.0,34.438
1874856.0,34.438
1877364.0,34.438
1879872.0,34.438
1882380.0,34.438
1884888.0,34.438
1887397.0,34.375
1889904.0,34.313
1892412.0,34.375
1894920.0,34.375
1897429.0,34.313
1899937.0,34.313
1902445.0,34.313
1904953.0,34.25
1907460.0,34.25
1909968.0,34.25
1912476.0,34.25
1914984.0,34.25
1917493.0,34.188
1920001.0,34.188
1922509.0,34.188
1925016.0,34.188
1927524.0,34.188
1930032.0,34.188
1932540.0,34.188
1935048.0,34.188
1937556.0,34.188
1940065.0,34.188
1942573.0,34.188
1945080.0,34.125
1947588.0,34.125
1950097.0,34.125
1952604.0,34.063
1955113.0,34.063
1957620.0,34.0
1960128.0,34.0
1962637.0,34.0
1965144.0,34.0
1967652.0,34.0
1970160.0,34.0
1972669.0,33.938
1975177.0,33.563
1977684.0,32.938
1980192.0,32.063
1982700.0,31.562
1985208.0,31.625
1987716.0,31.687
1990223.0,31.812
1992731.0,31.75
1995239.0,31.562
1997747.0,31.437
2000255.0,31.375
2002763.0,31.312
2005271.0,31.125
2007779.0,31.062
2010286.0,30.812
2012793.0,30.562
2015301.0,30.375
2017809.0,30.312
2020317.0,30.187
2022825.0,30.125
2025333.0,30.062
2027840.0,30.0
2030347.0,29.687
2032855.0,29.437
2035363.0,29.312
2037871.0,29.312
2040378.0,29.312
2042885.0,29.375
2045392.0,29.437
2047899.0,29.5
2050406.0,29.562
2052913.0,29.562
2055420.0,29.562
2057928.0,29.625
2060436.0,29.687
2062944.0,29.687
2065452.0,29.687
2067959.0,29.687
2070467.0,29.75
2072975.0,29.75
2075482.0,29.687
2077990.0,29.812
2080498.0,29.812
2083006.0,29.812
2085514.0,29.875
2088022.0,29.812
2090529.0,29.875
2093037.0,29.937
2095544.0,29.937
2098051.0,29.937
2100558.0,29.937
2103065.0,30.0
2105572.0,30.0
2108079.0,30.0
2110586.0,30.0
2113093.0,30.0
2115600.0,30.062
2118107.0,30.062
2120614.0,30.062
2123121.0,30.062
2125628.0,30.125
2128136.0,30.125
2130644.0,30.125
2133151.0,30.125
2135659.0,30.125
2138167.0,30.125
2140675.0,30.125
2143183.0,30.187
2145691.0,30.125
2148199.0,30.187
2150707.0,30.187
2153215.0,30.187
2155723.0,30.187
2158231.0,30.25
2160739.0,30.25
2163247.0,30.187
2165755.0,30.25
2168262.0,30.25
2170770.0,30.25
2173278.0,30.25
2175785.0,30.25
2178293.0,30.312
2180801.0,30.312
2183309.0,30.312
2185817.0,30.312
2188324.0,30.25
2190831.0,30.312
2193338.0,30.312
2195845.0,30.312
2198352.0,30.375
2200859.0,30.312
2203366.0,30.312
2205873.0,30.312
2208380.0,30.312
2210887.0,30.312
2213394.0,30.312
2215901.0,30.312
2218408.0,30.312
2220915.0,30.375
2223422.0,30.312
2225929.0,30.312
2228436.0,30.312
2230943.0,30.375
2233451.0,30.375
2235958.0,30.312
2238465.0,30.312
2240972.0,30.312
2243479.0,30.312
2245986.0,30.312
2248494.0,30.375
2251002.0,30.375
2253510.0,30.375
2256018.0,30.375
2258525.0,30.375
2261032.0,30.375
2263539.0,30.312
2266046.0,30.375
2268554.0,30.375
2271062.0,30.375
2273569.0,30.437
2276076.0,30.375
2278583.0,30.312
2281090.0,30.437
2283597.0,30.312
2286105.0,30.375
2288613.0,30.437
2291121.0,30.437
2293629.0,30.375
2296137.0,30.375
2298645.0,30.437
2301153.0,30.375
2303660.0,30.375
2306167.0,30.437
2308675.0,30.375
2311183.0,30.375
2313691.0,30.312
2316199.0,30.375
2318706.0,30.375
2321213.0,30.375
2323721.0,30.375
2326229.0,30.375
2328737.0,30.437
2331245.0,30.375
2333753.0,30.437
2336261.0,30.312
2338769.0,30.375
2341277.0,30.375
2343785.0,30.375
2346293.0,30.437
2348801.0,30.375
2351309.0,30.375
2353817.0,30.375
2356325.0,30.375
2358833.0,30.375
2361341.0,30.375
2363849.0,30.375
2366357.0,30.375
2368865.0,30.437
2371373.0,30.375
2373881.0,30.375
2376389.0,30.375
2378897.0,30.375
2381405.0,30.375
2383913.0,30.375
2386421.0,30.375
2388929.0,30.375
2391437.0,30.375
2393945.0,30.375
2396453.0,30.375
2398960.0,30.375
2401467.0,30.375
2403974.0,30.375
2406481.0,30.375
2408988.0,30.375
2411496.0,30.375
2414003.0,30.375
2416510.0,30.375
2419017.0,30.375
2421524.0,30.312
2424031.0,30.375
2426538.0,30.375
2429045.0,30.312
2431552.0,30.312
2434059.0,30.312
2436566.0,30.375
2439073.0,30.375
2441580.0,30.375
2444087.0,30.312
2446594.0,30.312
2449101.0,30.312
2451608.0,30.312
2454115.0,30.25
2456622.0,30.312
2459129.0,30.375
2461636.0,30.312
2464143.0,30.312
2466651.0,30.312
2469159.0,30.312
2471666.0,30.312
2474173.0,30.312
2476680.0,30.25
2479187.0,30.312
2481694.0,30.312
2484201.0,30.25
2486708.0,30.25
2489215.0,30.25
2491722.0,30.25
2494230.0,30.25
2496738.0,30.25
2499246.0,30.25
2501753.0,30.25
2504260.0,30.25
2506768.0,30.187
2509276.0,30.25
2511784.0,30.25
2514292.0,30.25
2516800.0,30.187
2519308.0,30.25
2521815.0,30.187
2524323.0,30.25
2526831.0,30.25
2529339.0,30.187
2531847.0,30.25
2534354.0,30.187
2536861.0,30.187
2539368.0,30.25
2541876.0,30.187
2544384.0,30.187
2546892.0,30.187
2549400.0,30.187
2551908.0,30.187
2554416.0,30.187
2556924.0,30.125
2559431.0,30.187
2561938.0,30.187
2564445.0,30.125
2566953.0,30.125
2569460.0,30.125
2571967.0,30.125
2574474.0,30.125
2576981.0,30.125
2579489.0,30.125
2581997.0,30.125
2584505.0,30.125
2587013.0,30.125
2589521.0,30.125
2592029.0,30.062
2594536.0,30.125
2597044.0,30.062
2599552.0,29.937
2602060.0,29.5
2604568.0,29.062
2607076.0,28.625
2609584.0,28.312
2612092.0,28.062
2614600.0,27.625
2617109.0,25.937
2619616.0,22.625
2622123.0,19.187
2624632.0,16.312
2627140.0,14.438
2629648.0,13.063
2632156.0,12.063
2634664.0,11.375
2637172.0,10.75
2639680.0,10.313
2642189.0,9.938
2644698.0,9.563
2647208.0,9.375
2649717.0,9.125
2652226.0,9.0
2654735.0,8.75
2657244.0,8.625
2659753.0,8.563
2662262.0,8.375
2664771.0,8.313
2667280.0,8.25
2669789.0,8.188
2672298.0,8.188
2674807.0,8.063
2677316.0,8.0
2679825.0,8.063
2682334.0,8.0
2684843.0,7.875
2687352.0,7.875
2689861.0,7.875
2692370.0,7.812
2694879.0,7.75
2697388.0,7.812
2699897.0,7.812
2702406.0,7.75
2704915.0,7.75
2707424.0,7.687
2709933.0,7.687
2712442.0,7.687
2714951.0,7.687
2717460.0,7.625
2719969.0,7.625
2722478.0,7.375
2724987.0,7.312
2727496.0,7.312
2730005.0,7.312
2732514.0,7.312
2735023.0,7.375
2737532.0,7.375
2740041.0,7.437
2742550.0,7.437
2745059.0,7.437
2747568.0,7.5
2750077.0,7.5
2752586.0,7.5
2755095.0,7.5
2757604.0,7.5
2760113.0,7.562
2762622.0,7.562
2765131.0,7.5
2767640.0,7.562
2770149.0,7.562
2772658.0,7.562
2775167.0,7.562
2777676.0,7.562
2780185.0,7.625
2782694.0,7.562
2785203.0,7.562
2787712.0,7.562
2790221.0,7.562
2792730.0,7.562
2795239.0,7.562
2797748.0,7.5
2800257.0,7.5
2802766.0,7.5
2805275.0,7.5
2807784.0,7.5
2810293.0,7.5
2812802.0,7.5
2815311.0,7.5
2817820.0,7.5
2820329.0,7.5
2822838.0,7.437
2825347.0,7.437
2827856.0,7.437
2830365.0,7.437
2832874.0,7.375
2835383.0,7.375
2837892.0,7.375
2840401.0,7.437
2842910.0,7.375
2845419.0,7.437
2847928.0,7.437
2850437.0,7.437
2852946.0,7.437
2855455.0,7.437
2857964.0,7.437
2860473.0,7.5
2862982.0,7.5
2865491.0,7.375
2868000.0,7.375
2870509.0,7.375
2873018.0,7.312
2875527.0,7.312
2878036.0,7.312
2880545.0,7.312
2883054.0,7.375
2885563.0,7.375
2888072.0,7.312
2890581.0,7.375
2893090.0,7.312
2895599.0,7.375
2898108.0,7.375
2900617.0,7.375
2903126.0,7.375
2905635.0,7.375
2908144.0,7.375
2910653.0,7.375
2913162.0,7.375
2915671.0,7.375
2918180.0,7.375
2920689.0,7.437
2923198.0,7.375
2925707.0,7.375
2928216.0,7.375
2930725.0,7.437
2933234.0,7.375
2935743.0,7.375
2938252.0,7.437
2940761.0,7.375
2943270.0,7.437
2945779.0,7.437
2948288.0,7.437
2950797.0,7.437
2953306.0,7.437
2955815.0,7.437
2958324.0,7.437
2960833.0,7.5
2963342.0,7.5
2965851.0,7.5
2968360.0,7.562
2970869.0,7.562
2973378.0,7.562
2975887.0,7.562
2978396.0,7.625
2980905.0,7.625
2983414.0,7.625
2985923.0,7.687
2988432.0,7.687
2990941.0,7.687
2993450.0,7.75
2995959.0,7.687
2998468.0,7.687
3000977.0,7.75
3003486.0,7.75
3005995.0,7.687
3008504.0,7.75
3011013.0,7.75
3013522.0,7.75
3016031.0,7.75
3018540.0,7.75
3021049.0,7.812
3023558.0,7.875
3026067.0,7.812
3028576.0,7.875
3031085.0,7.875
3033594.0,7.875
3036103.0,7.875
3038612.0,7.875
3041121.0,7.875
3043630.0,7.875
3046139.0,7.875
3048648.0,7.875
3051157.0,7.937
3053666.0,7.937
3056175.0,7.937
3058684.0,7.937
3061193.0,7.937
3063702.0,7.937
3066211.0,7.937
3068720.0,8.0
3071229.0,8.0
3073738.0,8.0
3076247.0,8.0
3078756.0,8.0
3081265.0,8.0
3083774.0,8.063
3086283.0,8.063
3088792.0,8.063
3091301.0,8.125
3093810.0,8.063
3096319.0,8.063
3098828.0,8.125
3101337.0,8.125
3103846.0,8.125
3106355.0,8.188
3108864.0,8.125
3111373.0,8.125
3113882.0,8.125
3116391.0,8.125
3118900.0,8.188
3121409.0,8.188
3123918.0,8.125
3126427.0,8.188
3128936.0,8.188
3131445.0,8.25
3133954.0,8.25
3136463.0,8.188
3138972.0,8.188
3141481.0,8.188
3143990.0,8.25
3146499.0,8.25
3149008.0,8.313
3151517.0,8.313
3154026.0,8.313
3156535.0,8.313
3159044.0,8.25
3161553.0,8.25
3164062.0,8.25
3166571.0,8.313
3169080.0,8.375
3171589.0,8.375
3174098.0,8.375
3176607.0,8.375
3179116.0,8.375
3181625.0,8.375
3184134.0,8.375
3186643.0,8.375
3189152.0,8.375
3191661.0,8.25
3194170.0,8.125
3196679.0,8.0
3199188.0,8.063
3201697.0,8.063
3204206.0,8.063
3206715.0,8.125
3209224.0,8.125
3211733.0,8.125
3214242.0,8.125
3216751.0,8.188
3219260.0,8.188
3221769.0,8.25
3224278.0,8.25
3226787.0,8.25
3229296.0,8.313
3231805.0,8.313
3234314.0,8.375
3236823.0,8.375
3239332.0,8.438
3241841.0,8.438
3244350.0,8.438
3246859.0,8.5
3249368.0,8.5
3251877.0,8.563
3254386.0,8.625
3256895.0,8.625
3259404.0,8.625
3261913.0,8.625
3264422.0,8.688
3266931.0,8.625
3269440.0,8.688
3271949.0,8.688
3274458.0,8.688
3276967.0,8.688
3279476.0,8.688
3281985.0,8.75
3284494.0,8.813
3287003.0,8.813
3289512.0,8.813
3292021.0,8.813
3294530.0,8.813
3297039.0,8.75
3299548.0,8.875
3302057.0,8.938
3304566.0,8.875
3307075.0,8.875
3309584.0,8.938
3312093.0,8.875
3314602.0,8.938
3317111.0,9.0
3319620.0,9.0
3322129.0,9.0
3324638.0,9.0
3327147.0,9.0
3329656.0,9.0
3332165.0,9.063
3334674.0,9.063
3337183.0,9.063
3339691.0,9.063
3342200.0,9.125
3344709.0,9.125
3347219.0,9.125
3349727.0,9.188
3352236.0,9.25
3354745.0,9.25
3357254.0,9.25
3359763.0,9.25
3362272.0,9.313
3364781.0,9.313
3367290.0,9.313
3369799.0,9.313
3372308.0,9.375
3374817.0,9.438
3377326.0,9.375
3379835.0,9.375
3382345.0,9.313
3384853.0,9.375
3387362.0,9.438
3389871.0,9.438
3392381.0,9.438
3394890.0,9.438
3397398.0,9.563
3399907.0,9.5
3402416.0,9.5
3404925.0,9.563
3407434.0,9.563
3409943.0,9.563
3412452.0,9.563
3414961.0,9.563
3417470.0,9.625
3419979.0,9.625
3422488.0,9.625
3424997.0,9.625
3427506.0,9.625
3430015.0,9.688
3432524.0,9.688
3435033.0,9.688
3437542.0,9.688
3440051.0,9.625
3442560.0,9.75
3445069.0,9.75
3447578.0,9.75
3450087.0,9.75
3452596.0,9.813
3455105.0,9.75
3457614.0,9.813
3460123.0,9.75
3462632.0,9.813
3465141.0,9.813
3467650.0,9.875
3470159.0,9.875
3472668.0,9.875
3475177.0,9.938
3477686.0,9.938
3480195.0,9.938
3482704.0,9.938
3485213.0,9.938
3487722.0,9.938
3490231.0,9.938
3492740.0,10.0
3495249.0,10.0
3497758.0,10.063
3500266.0,10.125
3502775.0,10.063
3505284.0,10.125
3507793.0,10.063
3510302.0,10.125
3512811.0,10.063
3515320.0,10.063
3517829.0,10.125
3520338.0,10.188
3522847.0,10.125
3525356.0,10.188
3527865.0,10.188
3530374.0,10.188
3532883.0,10.188
3535391.0,10.25
3537900.0,10.25
3540409.0,10.25
3542918.0,10.25
3545427.0,10.25
3547936.0,10.313
3550445.0,10.313
3552954.0,10.313
3555463.0,10.313
3557972.0,10.25
3560481.0,10.313
3562990.0,10.313
3565499.0,10.375
3568007.0,10.438
3570515.0,10.375
3573024.0,10.375
3575533.0,10.375
3578042.0,10.438
3580550.0,10.438
3583058.0,10.375
3585567.0,10.438
3588076.0,10.5
3590584.0,10.5
3593092.0,10.5
3595600.0,10.563
3598108.0,10.563
3600616.0,10.563
3603124.0,10.563
3605632.0,10.563
3608140.0,10.563
3610648.0,10.563
3613157.0,10.625
3615665.0,10.688
3618173.0,10.625
3620681.0,10.625
3623189.0,10.688
3625697.0,10.625
3628205.0,10.688
3630713.0,10.688
3633221.0,10.688
3635729.0,10.688
3638237.0,10.75
3640745.0,10.75
3643253.0,10.75
3645761.0,10.75
3648269.0,10.813
3650777.0,10.75
3653285.0,10.75
3655793.0,10.75
3658301.0,10.813
3660809.0,10.75
3663318.0,10.813
3665827.0,10.813
3668335.0,10.813
3670844.0,10.875
3673352.0,10.875
3675860.0,10.875
3678368.0,10.875
3680876.0,10.938
3683384.0,10.938
3685892.0,10.938
3688400.0,11.0
3690908.0,11.0
3693416.0,11.0
3695924.0,11.063
3698432.0,11.063
3700940.0,11.063
3703448.0,11.063
3705956.0,11.063
3708464.0,11.063
3710972.0,11.063
3713480.0,11.125
3715988.0,11.125
3718496.0,11.125
3721004.0,11.125
3723512.0,11.188
3726020.0,11.25
3728528.0,11.25
3731036.0,11.188
3733544.0,11.25
3736052.0,11.25
3738560.0,11.25
3741068.0,11.25
3743576.0,11.25
3746084.0,11.25
3748592.0,11.25
3751100.0,11.25
3753608.0,11.313
3756116.0,11.313
3758624.0,11.313
3761132.0,11.313
3763640.0,11.375
3766148.0,11.375
3768656.0,11.375
3771164.0,11.375
3773672.0,11.438
3776180.0,11.438
3778688.0,11.438
3781196.0,11.5
3783704.0,11.438
3786212.0,11.5
3788720.0,11.5
3791228.0,11.438
3793736.0,11.5
3796244.0,11.5
3798752.0,11.5
3801260.0,11.5
3803768.0,11.5
3806276.0,11.563
3808784.0,11.563
3811292.0,11.625
3813800.0,11.625
3816308.0,11.625
3818816.0,11.625
3821324.0,11.625
3823832.0,11.625
3826340.0,11.625
3828848.0,11.688
3831356.0,11.688
3833864.0,11.688
3836372.0,11.75
3838880.0,11.688
3841388.0,11.75
3843896.0,11.688
3846404.0,11.813
3848912.0,11.813
3851420.0,11.813
3853928.0,11.813
3856436.0,11.875
3858944.0,11.875
3861452.0,11.875
3863960.0,11.875
3866468.0,11.875
3868976.0,11.875
3871484.0,11.813
3873992.0,11.875
3876500.0,11.938
3879008.0,11.938
3881516.0,11.938
3884024.0,11.938
3886532.0,11.938
3889040.0,11.938
3891548.0,12.0
3894056.0,12.0
3896564.0,12.0
3899072.0,12.063
3901580.0,12.063
3904088.0,12.063
3906596.0,12.063
3909104.0,12.063
3911612.0,12.063
3914120.0,12.063
3916628.0,12.063
3919136.0,12.063
3921644.0,12.125
3924152.0,12.063
3926660.0,12.125
3929168.0,12.125
3931676.0,12.125
3934184.0,12.125
3936692.0,12.188
3939200.0,12.125
3941708.0,12.125
3944216.0,12.188
3946724.0,12.125
3949232.0,12.125
3951740.0,12.188
3954248.0,12.188
3956756.0,12.25
3959264.0,12.25
3961772.0,12.188
3964280.0,12.188
3966788.0,12.313
3969296.0,12.25
3971804.0,12.25
3974312.0,12.25
3976820.0,12.313
3979328.0,12.313
3981836.0,12.313
3984344.0,12.313
3986852.0,12.313
3989360.0,12.313
3991868.0,12.375
3994376.0,12.375
3996884.0,12.375
3999392.0,12.313
4001900.0,12.375
4004408.0,12.375
4006916.0,12.313
4009424.0,12.375
4011932.0,12.375
4014440.0,12.375
4016948.0,12.438
4019456.0,12.375
4021964.0,12.375
4024472.0,12.438
4026980.0,12.375
4029488.0,12.438
4031996.0,12.5
4034504.0,12.438
4037012.0,12.438
4039520.0,12.5
4042028.0,12.563
4044536.0,12.563
4047044.0,12.563
4049552.0,12.5
4052060.0,12.563
4054568.0,12.563
4057076.0,12.563
4059584.0,12.563
4062092.0,12.625
4064600.0,12.563
4067108.0,12.625
4069616.0,12.625
4072124.0,12.625
4074632.0,12.625
4077140.0,12.625
4079648.0,12.625
4082156.0,12.625
4084664.0,12.625
4087172.0,12.625
4089680.0,12.625
4092188.0,12.688
4094696.0,12.688
4097204.0,12.688
4099712.0,12.688
4102220.0,12.688
4104728.0,12.75
4107236.0,12.688
4109744.0,12.75
4112252.0,12.813
4114760.0,12.75
4117268.0,12.75
4119776.0,12.75
4122284.0,12.813
4124792.0,12.813
4127300.0,12.813
4129808.0,12.813
4132316.0,12.75
4134824.0,12.813
4137332.0,12.813
4139840.0,12.813
4142348.0,12.813
4144856.0,12.875
4147364.0,12.875
4149872.0,12.875
4152380.0,12.875
4154888.0,12.875
4157396.0,12.875
4159904.0,12.938
4162412.0,12.938
4164920.0,12.938
4167428.0,12.938
4169936.0,12.938
4172444.0,12.938
4174952.0,12.938
4177460.0,12.938
4179968.0,13.0
4182476.0,13.0
4184984.0,13.0
4187492.0,13.0
4190000.0,13.0
4192508.0,13.063
4195016.0,13.063
4197524.0,13.063
4200032.0,13.0
4202540.0,13.063
4205048.0,13.063
4207556.0,13.063
4210064.0,13.063
4212572.0,13.125
4215080.0,13.063
4217588.0,13.125
4220096.0,13.125
4222604.0,13.125
4225112.0,13.125
4227620.0,13.188
4230128.0,13.125
4232636.0,13.125
4235144.0,13.125
4237652.0,13.188
4240160.0,13.188
4242668.0,13.188
4245176.0,13.188
4247684.0,13.25
4250192.0,13.188
4252700.0,13.188
4255208.0,13.188
4257716.0,13.188
4260224.0,13.25
4262732.0,13.313
4265240.0,13.25
4267748.0,13.25
4270256.0,13.25
4272764.0,13.313
4275272.0,13.25
4277780.0,13.25
4280288.0,13.313
4282796.0,13.313
4285304.0,13.313
4287812.0,13.313
4290320.0,13.375
4292828.0,13.313
4295336.0,13.375
4297844.0,13.375
4300352.0,13.375
4302860.0,13.438
4305368.0,13.375
4307876.0,13.375
4310384.0,13.438
4312892.0,13.438
4315400.0,13.375
4317908.0,13.5
4320416.0,13.438
4322924.0,13.438
4325432.0,13.438
4327940.0,13.438
4330448.0,13.5
4332956.0,13.438
4335464.0,13.438
4337972.0,13.5
4340480.0,13.5
4342988.0,13.563
4345496.0,13.813
4348004.0,14.0
4350512.0,14.25
4353020.0,14.5
4355528.0,15.625
4358036.0,17.75
4360543.0,19.5
4363051.0,20.687
4365559.0,21.562
4368067.0,22.312
4370574.0,22.75
4373082.0,23.125
4375590.0,23.437
4378098.0,23.687
4380606.0,23.875
4383114.0,24.062
4385621.0,24.187
4388128.0,24.375
4390635.0,24.437
4393142.0,24.625
4395649.0,24.687
4398156.0,24.75
4400663.0,24.875
4403170.0,24.937
4405677.0,25.0
4408185.0,24.687
4410692.0,23.875
4413199.0,23.437
4415706.0,23.125
4418213.0,22.875
4420720.0,22.687
4423227.0,22.562
4425734.0,22.437
4428241.0,22.375
4430748.0,22.312
4433255.0,22.25
4435762.0,22.187
4438270.0,22.125
4440777.0,22.187
4443284.0,22.062
4445791.0,22.062
4448298.0,22.062
4450805.0,22.062
4453312.0,22.0
4455820.0,22.0
4458327.0,22.0
4460834.0,22.0
4463341.0,22.0
4465849.0,22.0
4468357.0,22.0
4470865.0,22.0
4473373.0,22.0
4475881.0,22.0
4478389.0,22.0
4480897.0,22.0
4483405.0,22.0
4485913.0,22.062
4488421.0,22.0
4490929.0,21.937
4493437.0,22.0
4495944.0,22.0
4498451.0,22.0
4500958.0,22.0
4503465.0,22.0
4505972.0,22.0
4508480.0,22.0
4510987.0,22.0
4513494.0,22.0
4516001.0,22.0
4518508.0,22.0
4521015.0,22.0
4523522.0,22.062
4526029.0,22.0
4528536.0,22.0
4531043.0,22.062
4533550.0,22.062
4536057.0,22.062
4538564.0,22.0
4541071.0,22.062
4543578.0,22.0
4546086.0,22.0
4548594.0,22.0
4551101.0,22.062
4553609.0,22.062
4556117.0,22.062
4558625.0,22.062
4561133.0,22.062
4563641.0,22.062
4566149.0,22.0
4568657.0,22.062
4571165.0,22.062
4573673.0,22.062
4576182.0,22.0
4578689.0,22.0
4581197.0,22.062
4583705.0,22.125
4586212.0,22.125
4588719.0,22.125
4591226.0,22.125
4593733.0,22.125
4596240.0,22.125
4598748.0,22.062
4601256.0,22.125
4603764.0,22.062
4606272.0,22.125
4608780.0,22.125
4611288.0,22.062
4613796.0,22.062
4616304.0,22.125
4618812.0,22.125
4621320.0,22.062
4623828.0,22.125
4626336.0,22.125
4628844.0,22.125
4631352.0,22.125
4633860.0,22.125
4636368.0,22.062
4638876.0,22.125
4641384.0,22.125
4643892.0,22.125
4646400.0,22.187
4648908.0,22.125
4651416.0,22.125
4653924.0,22.125
4656432.0,22.125
4658940.0,22.125
4661448.0,22.187
4663956.0,22.125
4666464.0,22.125
4668972.0,22.125
4671480.0,22.187
4673988.0,22.125
4676496.0,22.125
4679004.0,22.187
4681512.0,22.187
4684020.0,22.187
4686528.0,22.125
4689036.0,22.187
4691544.0,22.125
4694052.0,22.187
4696560.0,22.187
4699068.0,22.187
4701576.0,22.187
4704084.0,22.125
4706593.0,22.125
4709100.0,22.125
4711608.0,22.187
4714116.0,22.187
4716623.0,22.187
4719130.0,22.187
4721637.0,22.125
4724144.0,22.187
4726652.0,22.187
4729160.0,22.187
4731668.0,22.187
4734176.0,22.187
4736684.0,22.187
4739192.0,22.187
4741700.0,22.187
4744208.0,22.125
4746716.0,22.187
4749224.0,22.187
4751732.0,22.125
4754240.0,22.187
4756747.0,22.187
4759254.0,22.187
4761762.0,22.187
4764269.0,22.187
4766777.0,22.187
4769285.0,22.187
4771793.0,22.187
4774301.0,22.187
4776809.0,22.187
4779317.0,22.187
4781825.0,22.187
4784333.0,22.187
4786841.0,22.187
4789349.0,22.187
4791857.0,22.187
4794365.0,22.25
4796873.0,22.25
4799380.0,22.25
4801887.0,22.25
4804394.0,22.25
4806901.0,22.25
4809409.0,22.25
4811917.0,22.25
4814425.0,22.25
4816933.0,22.25
4819441.0,22.25
4821949.0,22.25
4824457.0,22.312
4826965.0,22.25
4829473.0,22.25
4831981.0,22.25
4834489.0,22.25
4836997.0,22.25
4839506.0,22.25
4842013.0,22.25
4844521.0,22.25
4847029.0,22.25
4849537.0,22.25
4852045.0,22.25
4854552.0,22.25
4857060.0,22.25
4859568.0,22.25
4862075.0,22.25
4864583.0,22.312
4867090.0,22.312
4869598.0,22.25
4872106.0,22.25
4874614.0,22.312
4877121.0,22.312
4879628.0,22.25
4882135.0,22.312
4884642.0,22.312
4887149.0,22.312
4889656.0,22.25
4892164.0,22.25
4894672.0,22.312
4897179.0,22.312
4899686.0,22.312
4902193.0,22.312
4904701.0,22.312
4907209.0,22.25
4909717.0,22.312
4912225.0,22.25
4914733.0,22.312
4917240.0,22.375
4919747.0,22.312
4922254.0,22.312
4924761.0,22.312
4927268.0,22.312
4929775.0,22.312
4932282.0,22.312
4934789.0,22.312
4937297.0,22.312
4939804.0,22.312
4942311.0,22.312
4944818.0,22.312
4947325.0,22.312
4949834.0,22.312
4952342.0,22.25
4954849.0,22.312
4957357.0,22.375
4959865.0,22.375
4962373.0,22.312
4964881.0,22.312
4967389.0,22.312
4969897.0,22.312
4972406.0,22.312
4974913.0,22.312
4977421.0,22.312
4979928.0,22.312
4982435.0,22.312
4984943.0,22.25
4987451.0,22.312
4989959.0,22.312
4992467.0,22.312
4994974.0,22.312
4997481.0,22.312
4999988.0,22.375
5002495.0,22.375
5005002.0,22.312
5007510.0,22.375
5010018.0,22.375
5012525.0,22.375
5015033.0,22.375
5017541.0,22.375
5020049.0,22.375
5022557.0,22.375
5025065.0,22.375
5027573.0,22.375
5030081.0,22.437
5032589.0,22.437
5035097.0,22.437
5037605.0,22.375
5040113.0,22.375
5042621.0,22.437
5045129.0,22.375
5047637.0,22.437
5050144.0,22.437
5052651.0,22.437
5055158.0,22.437
5057665.0,22.437
5060172.0,22.437
5062679.0,22.437
5065186.0,22.437
5067694.0,22.437
5070202.0,22.437
5072710.0,22.437
5075218.0,22.437
5077726.0,22.437
5080233.0,22.437
5082741.0,22.437
5085249.0,22.437
5087756.0,22.5
5090263.0,22.437
5092770.0,22.437
5095278.0,22.437
5097786.0,22.437
5100293.0,22.437
5102801.0,22.437
5105309.0,22.437
5107817.0,22.437
5110325.0,22.375
5112833.0,22.437
5115341.0,22.437
5117849.0,22.437
5120357.0,22.437
5122865.0,22.437
5125372.0,22.437
5127880.0,22.5
5130387.0,22.5
5132894.0,22.5
5135402.0,22.437
5137910.0,22.437
5140418.0,22.437
5142927.0,22.437
5145434.0,22.5
5147942.0,22.5
5150449.0,22.5
5152956.0,22.5
5155464.0,22.437
5157972.0,22.5
5160480.0,22.5
5162988.0,22.5
5165496.0,22.5
5168004.0,22.5
5170512.0,22.5
5173020.0,22.5
5175528.0,22.5
5178036.0,22.5
5180545.0,22.5
5183052.0,22.5
5185560.0,22.562
5188068.0,22.5
5190576.0,22.5
5193084.0,22.5
5195592.0,22.5
5198100.0,22.562
5200608.0,22.5
5203116.0,22.562
5205624.0,22.5
5208132.0,22.562
5210640.0,22.5
5213148.0,22.562
5215656.0,22.5
5218165.0,22.5
5220672.0,22.5
5223181.0,22.5
5225689.0,22.5
5228196.0,22.562
5230704.0,22.562
5233212.0,22.562
5235720.0,22.5
5238228.0,22.562
5240736.0,22.562
5243244.0,22.562
5245752.0,22.562
5248260.0,22.562
5250768.0,22.562
5253276.0,22.625
5255784.0,22.562
5258292.0,22.5
5260800.0,22.562
5263308.0,22.562
5265816.0,22.562
5268324.0,22.562
5270832.0,22.562
5273340.0,22.562
5275848.0,22.562
5278356.0,22.562
5280864.0,22.625
5283372.0,22.625
5285880.0,22.562
5288388.0,22.562
5290896.0,22.625
5293404.0,22.625
5295911.0,22.562
5298419.0,22.562
5300927.0,22.562
5303436.0,22.562
5305943.0,22.625
5308451.0,22.562
5310959.0,22.625
5313466.0,22.562
5315974.0,22.562
5318482.0,22.562
5320989.0,22.562
5323497.0,22.625
5326004.0,22.687
5328511.0,22.625
5331018.0,22.625
5333526.0,22.625
5336034.0,22.625
5338542.0,22.625
5341050.0,22.625
5343558.0,22.625
5346066.0,22.625
5348574.0,22.625
5351082.0,22.625
5353589.0,22.625
5356096.0,22.625
5358604.0,22.625
5361112.0,22.625
5363619.0,22.625
5366126.0,22.625
5368634.0,22.687
5371141.0,22.625
5373649.0,22.625
5376157.0,22.625
5378665.0,22.562
5381173.0,22.687
5383680.0,22.687
5386188.0,22.625
5388695.0,22.625
5391203.0,22.625
5393711.0,22.687
5396219.0,22.687
5398727.0,22.687
5401234.0,22.687
5403742.0,22.625
5406250.0,22.625
5408758.0,22.687
5411266.0,22.687
5413774.0,22.687
5416282.0,22.687
5418790.0,22.687
5421298.0,22.687
5423806.0,22.687
5426314.0,22.687
5428822.0,22.687
5431330.0,22.687
5433838.0,22.687
5436346.0,22.687
5438854.0,22.687
5441361.0,22.687
5443869.0,22.687
5446376.0,22.687
5448884.0,22.687
5451392.0,22.687
5453900.0,22.75
5456407.0,22.687
5458915.0,22.75
5461423.0,22.75
5463930.0,22.75
5466437.0,22.75
5468945.0,22.75
5471452.0,22.75
5473959.0,22.75
5476466.0,22.75
5478973.0,22.75
5481480.0,22.75
5483987.0,22.75
5486494.0,22.687
5489001.0,22.75
5491508.0,22.687
5494016.0,22.75
5496524.0,22.75
5499032.0,22.75
5501539.0,22.75
5504047.0,22.75
5506555.0,22.75
5509062.0,22.75
5511570.0,22.75
5514078.0,22.75
5516586.0,22.75
5519094.0,22.75
5521602.0,22.812
5524109.0,22.75
5526616.0,22.75
5529124.0,22.75
5531632.0,22.812
5534140.0,22.75
5536648.0,22.812
5539156.0,22.812
5541664.0,22.812
5544172.0,22.812
5546680.0,22.812
5549188.0,22.75
5551696.0,22.812
5554204.0,22.812
5556712.0,22.75
5559220.0,22.75
5561728.0,22.812
5564235.0,22.812
5566742.0,22.812
5569250.0,22.812
5571758.0,22.812
5574266.0,22.875
5576774.0,22.875
5579282.0,22.812
5581790.0,22.812
5584298.0,22.812
5586806.0,22.812
5589314.0,22.812
5591823.0,22.812
5594330.0,22.812
5596839.0,22.812
5599346.0,22.875
5601854.0,22.875
5604362.0,22.875
5606870.0,22.875
5609378.0,22.812
5611886.0,22.812
5614394.0,22.812
5616902.0,22.875
5619410.0,22.875
5621918.0,22.875
5624426.0,22.937
5626934.0,22.875
5629442.0,22.875
5631950.0,22.875
5634458.0,22.875
5636966.0,22.875
5639474.0,22.875
5641982.0,22.875
5644490.0,22.875
5646998.0,22.875
5649506.0,22.875
5652014.0,22.937
5654522.0,22.937
5657030.0,22.937
5659538.0,22.875
5662046.0,22.875
5664554.0,22.937
5667061.0,22.937
5669568.0,22.875
5672075.0,22.875
5674582.0,22.875
5677089.0,22.937
5679596.0,22.875
5682104.0,22.937
5684611.0,22.875
5687118.0,22.937
5689625.0,22.937
5692132.0,22.937
5694639.0,22.875
5697147.0,22.875
5699655.0,22.937
5702163.0,22.937
5704671.0,22.937
5707179.0,22.875
5709687.0,22.875
5712195.0,22.937
5714703.0,22.937
5717211.0,22.937
5719719.0,22.937
5722226.0,22.937
5724734.0,22.937
5727242.0,22.937
5729749.0,22.937
5732257.0,22.937
5734765.0,22.937
5737273.0,22.875
5739781.0,22.875
5742289.0,22.937
5744797.0,22.937
5747304.0,22.937
5749811.0,22.937
5752319.0,22.937
5754826.0,22.937
5757333.0,22.937
5759841.0,22.937
5762348.0,22.937
5764855.0,23.0
5767362.0,22.937
5769869.0,22.937
5772376.0,23.0
5774884.0,23.0
5777391.0,22.937
5779899.0,23.0
5782406.0,23.0
5784913.0,23.0
5787420.0,23.0
5789927.0,23.0
5792434.0,23.0
5794941.0,23.062
5797448.0,23.062
5799955.0,23.0
5802462.0,23.0
5804970.0,23.0
5807478.0,23.0
5809986.0,22.937
5812494.0,23.0
5815002.0,23.0
5817509.0,23.0
5820016.0,23.0
5822523.0,23.0
5825031.0,23.062
5827539.0,22.937
5830047.0,23.0
5832555.0,23.0
5835063.0,23.0
5837571.0,23.062
5840079.0,23.062
5842587.0,23.062
5845095.0,23.0
5847603.0,23.0
5850111.0,23.0
5852620.0,23.0
5855128.0,23.0
5857635.0,23.062
5860143.0,23.062
5862651.0,23.062
5865159.0,23.062
5867667.0,23.062
5870175.0,23.062
5872683.0,23.062
5875191.0,23.062
5877699.0,23.062
5880207.0,23.062
5882715.0,23.062
5885223.0,23.125
5887730.0,23.062
5890238.0,23.0
5892746.0,23.062
5895254.0,23.062
5897762.0,23.062
5900270.0,23.062
5902778.0,23.062
5905286.0,23.125
5907794.0,23.062
5910302.0,23.125
5912810.0,23.062
5915318.0,23.062
5917826.0,23.125
5920333.0,23.125
5922841.0,23.125
5925349.0,23.062
5927857.0,23.062
5930365.0,23.062
5932872.0,23.125
5935379.0,23.125
5937886.0,23.062
5940394.0,23.125
5942901.0,23.187
5945408.0,23.062
5947915.0,23.187
5950422.0,23.062
5952930.0,23.125
5955437.0,23.125
5957944.0,23.125
5960451.0,23.125
5962958.0,23.125
5965466.0,23.187
5967973.0,23.187
5970480.0,23.125
5972987.0,23.125
5975495.0,23.187
5978002.0,23.125
5980509.0,23.187
5983016.0,23.125
5985523.0,23.187
5988030.0,23.125
5990537.0,23.125
5993045.0,23.187
5995553.0,23.187
5998061.0,23.125
6000569.0,23.187
6003077.0,23.187
6005585.0,23.125
6008093.0,23.125
6010601.0,23.125
6013108.0,23.187
6015615.0,23.187
6018123.0,23.187
6020631.0,23.187
6023139.0,23.187
6025647.0,23.187
6028156.0,23.125
6030663.0,23.187
6033171.0,23.187
6035679.0,23.187
6038187.0,23.187
6040694.0,23.187
6043202.0,23.187
6045709.0,23.187
6048216.0,23.187
6050723.0,23.187
6053231.0,23.25
6055738.0,23.25
6058245.0,23.187
6060752.0,23.25
6063259.0,23.187
6065767.0,23.187
6068275.0,23.187
6070783.0,23.187
6073291.0,23.187
6075799.0,23.187
6078307.0,23.25
6080815.0,23.187
6083323.0,23.125
6085831.0,23.187
6088339.0,23.187
6090847.0,23.187
6093355.0,23.25
6095863.0,23.187
6098371.0,23.187
6100878.0,23.187
6103386.0,23.187
6105894.0,23.25
6108403.0,23.25
6110910.0,23.25
6113418.0,23.25
6115926.0,23.187
6118434.0,23.187
6120942.0,23.25
6123450.0,23.25
6125958.0,23.187
6128466.0,23.25
6130974.0,23.25
6133481.0,23.25
6135988.0,23.25
6138495.0,23.25
6141003.0,23.25
6143510.0,23.187
6146018.0,23.187
6148526.0,23.25
6151034.0,23.25
6153542.0,23.25
6156050.0,23.25
6158557.0,23.25
6161065.0,23.25
6163573.0,23.312
6166081.0,23.312
6168588.0,23.25
6171095.0,23.312
6173602.0,23.312
6176109.0,23.25
6178617.0,23.312
6181124.0,23.312
6183632.0,23.312
6186140.0,23.312
6188648.0,23.312
6191156.0,23.25
6193664.0,23.312
6196172.0,23.25
6198680.0,23.25
6201188.0,23.25
6203696.0,23.25
6206203.0,23.312
6208711.0,23.25
6211219.0,23.312
6213726.0,23.25
6216234.0,23.312
6218742.0,23.312
6221250.0,23.312
6223758.0,23.312
6226266.0,23.312
6228774.0,23.375
6231281.0,23.25
6233789.0,23.312
6236297.0,23.312
6238804.0,23.312
6241312.0,23.312
6243819.0,23.312
6246327.0,23.312
6248835.0,23.312
6251343.0,23.25
6253851.0,23.312
6256358.0,23.312
6258866.0,23.375
6261374.0,23.375
6263883.0,23.312
6266390.0,23.312
6268898.0,23.312
6271406.0,23.312
6273914.0,23.375
6276422.0,23.312
6278930.0,23.312
6281438.0,23.375
6283946.0,23.375
6286454.0,23.375
6288962.0,23.375
6291470.0,23.375
6293977.0,23.312
6296485.0,23.375
6298993.0,23.375
6301501.0,23.375
6304009.0,23.375
6306517.0,23.375
6309025.0,23.312
6311533.0,23.375
6314041.0,23.312
6316549.0,23.312
6319057.0,23.375
6321564.0,23.375
6324071.0,23.375
6326579.0,23.375
6329086.0,23.375
6331593.0,23.375
6334101.0,23.437
6336609.0,23.437
6339117.0,23.437
6341625.0,23.437
6344133.0,23.437
6346641.0,23.437
6349149.0,23.437
6351657.0,23.437
6354165.0,23.437
6356673.0,23.375
6359181.0,23.375
6361689.0,23.437
6364197.0,23.437
6366704.0,23.437
6369211.0,23.437
6371718.0,23.437
6374225.0,23.437
6376732.0,23.437
6379239.0,23.437
6381746.0,23.437
6384253.0,23.5
6386760.0,23.437
6389267.0,23.437
6391774.0,23.437
6394281.0,23.437
6396788.0,23.437
6399295.0,23.437
6401802.0,23.437
6404309.0,23.437
6406816.0,23.375
6409324.0,23.375
6411831.0,23.437
6414339.0,23.437
6416846.0,23.437
6419355.0,23.437
6421862.0,23.5
6424370.0,23.437
6426878.0,23.437
6429386.0,23.437
6431894.0,23.5
6434402.0,23.437
6436909.0,23.5
6439416.0,23.437
6441924.0,23.437
6444432.0,23.437
6446940.0,23.5
6449448.0,23.5
6451956.0,23.5
6454464.0,23.437
6456972.0,23.5
6459480.0,23.5
6461987.0,23.5
6464494.0,23.5
6467001.0,23.5
6469508.0,23.562
6472015.0,23.5
6474522.0,23.5
6477029.0,23.5
6479536.0,23.5
6482043.0,23.5
6484550.0,23.562
6487057.0,23.5
6489564.0,23.5
6492072.0,23.5
6494580.0,23.5
6497088.0,23.5
6499596.0,23.5
6502104.0,23.5
6504612.0,23.562
6507119.0,23.5
6509626.0,23.5
6512133.0,23.5
6514640.0,23.5
6517148.0,23.5
6519655.0,23.562
6522162.0,23.562
6524669.0,23.5
6527177.0,23.5
6529684.0,23.562
6532191.0,23.5
6534698.0,23.5
6537206.0,23.562
6539713.0,23.562
6542220.0,23.562
6544727.0,23.562
6547235.0,23.562
6549743.0,23.562
6552250.0,23.562
6554757.0,23.562
6557264.0,23.562
6559771.0,23.562
6562278.0,23.562
6564786.0,23.562
6567294.0,23.562
6569802.0,23.625
6572309.0,23.562
6574816.0,23.625
6577323.0,23.625
6579830.0,23.625
6582337.0,23.625
6584844.0,23.562
6587351.0,23.625
6589858.0,23.625
6592365.0,23.625
6594872.0,23.625
6597379.0,23.625
6599887.0,23.625
6602395.0,23.625
6604903.0,23.562
6607411.0,23.562
6609919.0,23.625
6612426.0,23.625
6614933.0,23.625
6617440.0,23.625
6619948.0,23.625
6622456.0,23.625
6624963.0,23.625
6627470.0,23.625
6629977.0,23.625
6632485.0,23.625
6634992.0,23.625
6637500.0,23.625
6640008.0,23.625
6642516.0,23.625
6645024.0,23.625
6647532.0,23.625
6650040.0,23.687
6652548.0,23.687
6655056.0,23.687
6657564.0,23.625
6660072.0,23.687
6662579.0,23.687
6665086.0,23.625
6667593.0,23.625
6670100.0,23.625
6672607.0,23.625
6675114.0,23.687
6677621.0,23.687
6680128.0,23.687
6682635.0,23.625
6685142.0,23.687
6687650.0,23.687
6690158.0,23.687
6692666.0,23.687
6695174.0,23.687
6697682.0,23.687
6700190.0,23.687
6702698.0,23.687
6705206.0,23.687
6707714.0,23.687
6710222.0,23.687
6712730.0,23.687
6715238.0,23.687
6717746.0,23.687
6720253.0,23.687
6722760.0,23.75
6725267.0,23.75
6727774.0,23.687
6730281.0,23.75
6732788.0,23.75
6735295.0,23.687
6737803.0,23.75
6740310.0,23.75
6742817.0,23.75
6745324.0,23.75
6747831.0,23.687
6750339.0,23.75
6752847.0,23.75
6755354.0,23.687
6757862.0,23.75
6760369.0,23.75
6762876.0,23.687
6765384.0,23.75
6767892.0,23.75
6770399.0,23.75
6772906.0,23.75
6775414.0,23.75
6777921.0,23.75
6780429.0,23.75
6782937.0,23.75
6785445.0,23.75
6787953.0,23.75
6790460.0,23.75
6792967.0,23.812
6795474.0,23.75
6797981.0,23.75
6800488.0,23.812
6802996.0,23.812
6805504.0,23.75
6808012.0,23.75
6810519.0,23.75
6813027.0,23.75
6815534.0,23.75
6818041.0,23.75
6820548.0,23.812
6823055.0,23.75
6825563.0,23.812
6828070.0,23.75
6830577.0,23.75
6833085.0,23.75
6835593.0,23.812
6838100.0,23.75
6840608.0,23.75
6843116.0,23.75
6845624.0,23.812
6848131.0,23.812
6850638.0,23.812
6853146.0,23.812
6855654.0,23.812
6858162.0,23.75
6860670.0,23.812
6863178.0,23.75
6865686.0,23.75
6868194.0,23.812
6870702.0,23.812
6873210.0,23.812
6875718.0,23.812
6878226.0,23.75
6880734.0,23.812
6883242.0,23.812
6885749.0,23.812
6888257.0,23.75
6890765.0,23.812
6893273.0,23.812
6895781.0,23.875
6898289.0,23.812
6900797.0,23.812
6903305.0,23.812
6905813.0,23.812
6908321.0,23.812
6910829.0,23.812
6913337.0,23.875
6915845.0,23.875
6918353.0,23.875
6920861.0,23.812
6923369.0,23.812
6925877.0,23.875
6928385.0,23.875
6930893.0,23.812
6933401.0,23.812
6935908.0,23.875
6938415.0,23.875
6940922.0,23.812
6943429.0,23.812
6945936.0,23.875
6948443.0,23.875
6950950.0,23.875
6953457.0,23.875
6955964.0,23.812
6958472.0,23.875
6960979.0,23.812
6963486.0,23.812
6965993.0,23.875
6968500.0,23.875
6971008.0,23.812
6973516.0,23.875
6976024.0,23.875
6978532.0,23.875
6981040.0,23.875
6983548.0,23.875
6986056.0,23.875
6988564.0,23.875
6991072.0,23.875
6993580.0,23.875
6996088.0,23.875
6998596.0,23.875
7001104.0,23.875
7003612.0,23.875
7006120.0,23.875
7008628.0,23.875
7011135.0,23.875
7013642.0,23.812
7016150.0,23.875
7018657.0,23.812
7021164.0,23.875
7023672.0,23.875
7026180.0,23.875
7028688.0,23.812
7031196.0,23.875
7033704.0,23.875
7036211.0,23.875
7038718.0,23.875
7041225.0,23.875
7043732.0,23.875
7046239.0,23.937
7048746.0,23.875
7051254.0,23.875
7053762.0,23.875
7056270.0,23.875
7058778.0,23.937
7061286.0,23.937
7063794.0,23.937
7066302.0,23.937
7068810.0,23.937
7071317.0,23.937
7073824.0,23.937
7076331.0,23.937
7078838.0,23.937
7081345.0,23.937
7083852.0,23.937
7086359.0,23.937
7088867.0,23.937
7091375.0,23.937
7093883.0,23.937
7096391.0,23.937
7098899.0,23.937
7101407.0,24.0
7103914.0,23.937
7106421.0,23.937
7108928.0,23.937
7111435.0,24.0
7113942.0,24.0
7116449.0,24.0
7118956.0,23.937
7121464.0,24.0
7123971.0,23.937
7126478.0,23.937
7128985.0,23.937
7131492.0,23.937
7133999.0,23.937
7136506.0,23.937
7139013.0,24.0
7141520.0,23.875
7144027.0,23.937
7146535.0,24.0
7149042.0,23.937
7151549.0,23.937
7154056.0,23.937
7156563.0,23.937
7159070.0,24.0
7161577.0,24.0
7164084.0,24.0
7166591.0,24.0
7169098.0,24.0
7171605.0,23.937
7174113.0,23.937
7176621.0,23.937
7179128.0,23.937
7181636.0,23.937
7184144.0,23.937
7186652.0,23.937
7189160.0,24.0
7191668.0,24.0
7194176.0,24.0
7196684.0,24.0
7199192.0,24.0
7201700.0,24.0
